BEVOEGD GEZAG NUMMER;BEVOEGD GEZAG NAAM;STRAATNAAM;HUISNUMMER-TOEVOEGING;POSTCODE;PLAATSNAAM;GEMEENTENUMMER;GEMEENTENAAM;DENOMINATIE;TELEFOONNUMMER;INTERNETADRES;STRAATNAAM CORRESPONDENTIEADRES;HUISNUMMER-TOEVOEGING CORRESPONDENTIEADRES;POSTCODE CORRESPONDENTIEADRES;PLAATSNAAM CORRESPONDENTIEADRES;ADMINISTRATIEKANTOORNUMMER;KVK-NUMMER
10028;Gemeente Ameland;Jelmeraweg;1;9162 EA;BALLUM;0060;AMELAND;Openbaar;0519555555;www.ameland.nl;Postbus;22;9160 AA;HOLLUM; ;01180264
10053;Gemeente Assen;Noordersingel;33;9401 JW;ASSEN;0106;ASSEN;Openbaar;0592366911; ;Postbus;91;7940 AB;MEPPEL;780;50788590
10867;Gemeente Terschelling;Burg van Heusdenweg;10-A;8881 EB;WEST-TERSCHELLING;0093;TERSCHELLING;Openbaar;0562446244;www.terschelling.nl;Burg van Heusdenweg;10-A;8881 EB;WEST-TERSCHELLING;951; 
12975;Stichting Openbaar Voortgezet Onderwijs Kampen Dronten;Noordweg;87;8262 BP;KAMPEN;0166;KAMPEN;Openbaar;0383370600;www.almerecollege.nl;Postbus;1;8260 AA;KAMPEN;799;64783294
13273;Stg. Openb. Voortgez. Onderw. Noord- en Midden-Drenthe;Mr Groen v Prinstererln;98;9402 KG;ASSEN;0106;ASSEN;Openbaar;0592333130;www.dr.nassaucollege.nl;Postbus;186;9400 AD;ASSEN;696;04068442
13278;Stichting Regionale Scholengemeenschap Enkhuizen;Boendersveld;3;1602 DK;ENKHUIZEN;0388;ENKHUIZEN;Openbaar;0228350800; ;Boendersveld;3;1602 DK;ENKHUIZEN;696;37082660
13360;Stg. Minkema Voortgez. Onderw. in Woerd. e.o.;Minkemalaan;1;3446 GL;WOERDEN;0632;WOERDEN;Openbaar;0348484100;www.minkema.nl;Postbus;2120;3440 DC;WOERDEN; ;30171389
13365;Stichting Waerdenborch;Haarstraat;14;7451 CZ;HOLTEN;1742;RIJSSEN-HOLTEN;Openbaar;0548378383;www.waerdenborch.nl;Postbus;49;7450 AA;HOLTEN;696;08093774
13554;Stichting Quadraam;Saturnus;7;6922 LX;DUIVEN;0226;DUIVEN;Samenwerking Opb., PC, RK;0263208800;www.quadraam.nl;Postbus;7;6920 AA;DUIVEN; ;41053607
13555;Stichting voor Openbaar Voortgezet Onderwijs op Walcheren;Weyevlietplein;7;4385 CH;VLISSINGEN;0718;VLISSINGEN;Openbaar;0118479400;www.nehalennia.nl;Postbus;69;4380 AB;VLISSINGEN; ;41115393
13556;Onderwijsstichting Zelfstandige Gymnasia;Schipholpoort;2;2034 MA;HAARLEM;0392;HAARLEM;Samenwerking Opb., PC, RK, Alg;0235517147; ;Postbus;5233;2000 CE;HAARLEM; ;34102519
13563;Stichting Winkler Prins;Raadsgildenlaan;1;9646 AA;VEENDAM;0047;VEENDAM;Openbaar;0598364656;www.winklerprins.nl;Postbus;190;9640 AD;VEENDAM; ;50852736
13586;Stg. OSG Singelland, Openb. VO Smallingerland en omgeving;Van Haersmasingel;37;9201 KN;DRACHTEN;0090;SMALLINGERLAND;Openbaar;0512582345; ;Postbus;112;9200 AC;DRACHTEN; ;01080096
13603;Stichting voor Openbaar Voortgezet Onderwijs Fryslân-Noord;Elzenstraat;5;8924 JN;LEEUWARDEN;0080;LEEUWARDEN;Openbaar;0588801104;www.piterjelles.nl;Postbus;9002;8903 LA;LEEUWARDEN; ;01082181
13652;Stichting Openbaar Voortgezet Onderwijs Noord-Holland-Noord;Arubastraat;4;1825 PV;ALKMAAR;0361;ALKMAAR;Openbaar;0725671067;www.sovon.nu;Postbus;9081;1800 GB;ALKMAAR; ;37085389
13683;Schoolbestuur voor primair en voortgezet onderwijs tussen Lauwers en Eems-stg;Noorderstraat;13;9989 AA;WARFFUM;1966;HET HOGELAND;Openbaar;0595424955;www.lauwerseneems.nl;Postbus;10;9989 ZG;WARFFUM; ;02068659
13693;Stichting voor Openbaar Voortgezet Onderwijs van Wageningen en omstreken;Hollandseweg;9;6706 KN;WAGENINGEN;0289;WAGENINGEN;Openbaar;0317465893;www.pantarijn.nl;Postbus;257;6700 AG;WAGENINGEN;696;09113954
13709;Stichting O.R.S. Lek en Linge;Multatulilaan;6;4103 NM;CULEMBORG;0216;CULEMBORG;Openbaar;0345512833;www.lekenlinge.nl;Postbus;461;4100 AL;CULEMBORG; ;11049184
13737;Stichting Openbaar Voortgezet Onderwijs Hoogeveen;Valkenlaan;1;7905 AA;HOOGEVEEN;0118;HOOGEVEEN;Openbaar;0528268636;www.wolfsbos.nl;Postbus;199;7900 AD;HOOGEVEEN; ;04065081
13739;Stichting RSG Slingerbos - Levant;Eisenhowerlaan;59;3844 AS;HARDERWIJK;0243;HARDERWIJK;Openbaar; ;www.rsgslingerboslevant.nl;Eisenhowerlaan;59;3844 AS;HARDERWIJK;696;08081581
13749;Stichting Gemeentelijk Gymnasium Hilversum;Vaartweg;54;1217 SV;HILVERSUM;0402;HILVERSUM;Openbaar; ; ;Vaartweg;54;1217 SV;HILVERSUM;706;32088552
20151;Ver. Chr. Voortgezet Onderwijs te Rotterdam en omgeving;Henegouwerplein;14;3021 PM;ROTTERDAM;0599;ROTTERDAM;Protestants-Christelijk;0102171399;www.cvo.nl;Postbus;2152;3000 CD;ROTTERDAM;059;40342087
20187;Stichting voor Christelijk Voortgezet Onderwijs in het Gooi;Bisonlaan;1;1217 GH;HILVERSUM;0402;HILVERSUM;Protestants-Christelijk;0356216517;www.cvogooi.nl;Postbus;153;1200 AD;HILVERSUM;696;40517211
20281;Stichting Lucas Onderwijs;Saffierhorst;105;2592 GK;'S-GRAVENHAGE;0518;S GRAVENHAGE;Samenwerking PC, RK;0703001100;www.lucasonderwijs.nl;Postbus;93231;2509 AE;'S-GRAVENHAGE;034;41158916
21464;Stichting Joodse Scholengem.sch. J.B.O.;Noordbrabantstraat;15;1083 BE;AMSTERDAM;0363;AMSTERDAM;Joods;0206444191;www.jbo.nl;Postbus;87058;1080 JB;AMSTERDAM;780;41198667
23155;Sticht. voor Katholiek Onderw. Sint-Liduina;Van der Brugghenlaan;2;3118 LA;SCHIEDAM;0606;SCHIEDAM;Rooms-Katholiek;0104706422;www.spieringshoek.nl;Postbus;255;3100 AG;SCHIEDAM;136;41141440
26093;Stg. Kath. Scholengemeenschap Etten-Leur en omgeving;Stijn Streuvelslaan;42;4873 EB;ETTEN-LEUR;0777;ETTEN-LEUR;Rooms-Katholiek;0765015905;www.k-s-e.nl;Postbus;159;4870 AD;ETTEN-LEUR; ;41102321
26157;Stichting Montessori Scholengemeenschap Amsterdam;Polderweg;3;1093 KL;AMSTERDAM;0363;AMSTERDAM;Algemeen bijzonder;0205979888;www.msa.nl;Postbus;92048;1090 AA;AMSTERDAM;325;41198980
26898;Het Amsterdams Lyceum;Valeriusplein;15;1075 BJ;AMSTERDAM;0363;AMSTERDAM;Algemeen bijzonder;0205747744;www.amsterdamslyceum.nl;Valeriusplein;15;1075 BJ;AMSTERDAM;222;40533287
28212;de Vrije School Noord en Oost Nederland;Dreef;4-B;7202 AG;ZUTPHEN;0301;ZUTPHEN;Antroposofisch;0575533860;www.vsnon.nl;Postbus;4086;7200 BB;ZUTPHEN;744;41038120
29187;Onderwijsstichting De Kempen;Tuinstraat;1;5531 GK;BLADEL;1728;BLADEL;Rooms-Katholiek;0497361261; ;Postbus;169;5530 AD;BLADEL;514;41087363
29278;Stg. Kath. Voortgez. Onderwijs 'De Breul';Arnhemse Bovenweg;98;3708 AG;ZEIST;0355;ZEIST;Rooms-Katholiek;0306915604;www.de-breul.nl;Arnhemse Bovenweg;98;3708 AG;ZEIST;706;41179783
29850;Stichting voor Christelijk Praktijkonderwijs voor Hardenberg en omgeving;Verlengde Korte Steeg;18;7772 RZ;HARDENBERG;0160;HARDENBERG;Protestants-Christelijk;0523267700;www.prohardenberg.nl;Verlengde Korte Steeg;18;7772 RZ;HARDENBERG;951;41022656
30101;Stichting Voortgezet Onderwijs Regio Meierijstad;Putsteeg;4;5481 XT;SCHIJNDEL;1948;MEIERIJSTAD;Rooms-Katholiek;0738200400;www.eldecollege.nl;Postbus;63;5480 AB;SCHIJNDEL; ;41082930
30582;Stg H3O v christ. peuterwerk kinderopv., prim./voortg. ond.;Kolfstraat;120;3311 XL;DORDRECHT;0505;DORDRECHT;Protestants-Christelijk;0788905000;www.h3o.nl;Postbus;151;3300 AD;DORDRECHT; ;41120110
30742;Stichting Samenwerkingsschool;Drs. F. Bijlweg;8-A;1784 MC;DEN HELDER;0400;DEN HELDER;Algemeen bijzonder;0615312582;www.speciaalonderwijsdenhelder.nl;Drs. F. Bijlweg;8-A;1784 MC;DEN HELDER; ;41240150
30783;Stichting voor Christelijk Voortg. Onderw. Albl.wrd West;Vijzellaan;4;3352 VH;PAPENDRECHT;0590;PAPENDRECHT;Algemeen bijzonder;0786442040;www.delagewaard.nl;Postbus;1100;3350 CC;PAPENDRECHT;136;40324053
30882;Stichting Eduvier Onderwijsgroep;De Schans;1901;8231 KM;LELYSTAD;0995;LELYSTAD;Algemeen bijzonder;0320252378;www.eduvier.nl;Postbus;2344;8203 AH;LELYSTAD;706;41023804
31028;Stg. Christ. Voortg. Onderwijs Zwijndrechtse Waard;Develsingel;5;3333 LD;ZWIJNDRECHT;0642;ZWIJNDRECHT;Protestants-Christelijk;0786194566;www.develsteincollege.nl;Postbus;377;3330 AJ;ZWIJNDRECHT;065;40324154
31087;Stichting Onderwijsgroep Tilburg;Stappegoorweg;183;5022 DD;TILBURG;0855;TILBURG;Algemeen bijzonder;0135397090;www.onderwijsgroeptilburg.nl;Postbus;1330;5004 BH;TILBURG; ;41097408
31107;Stichting Curio Onderwijsgroep West-Brabant;Trivium;74;4873 LP;ETTEN-LEUR;0777;ETTEN-LEUR;Samenwerking Opb., PC, RK, Alg;0765048000;www.rocwb.nl;Postbus;699;4870 AR;ETTEN-LEUR; ;41105340
31108;Stichting Agrar. Opleidingscentrum Terra;Hereweg;101;9721 AA;GRONINGEN;0014;GRONINGEN;Algemeen bijzonder;0505292929;www.terra.nl;Postbus;17;9700 AA;GRONINGEN; ;41011947
31127;Stichting STC-Group;Lloydstraat;300;3024 EA;ROTTERDAM;0599;ROTTERDAM;Algemeen bijzonder;0104486000;www.stc-group.nl;Postbus;63140;3002 JC;ROTTERDAM; ;41131703
31137;Stg. Lentiz Onderwijsgroep, s.w.s. voor BVE/VO ih Wl/NWN;Schiedamsedijk;114;3134 KK;VLAARDINGEN;0622;VLAARDINGEN;Algemeen bijzonder;0104349925;www.lentiz.nl;Postbus;3040;3130 CA;VLAARDINGEN; ;41146390
31157;Stg. Chr. Spec. Vgz. Onderwijs op Reformatorische grondslag;Kamperstraatweg;1-A;8265 PA;KAMPEN;0166;KAMPEN;Reformatorisch;0383325262;www.pieterzandt.nl;Postbus;296;8260 AG;KAMPEN;763;41024360
31226;Stichting Eindhovens Christelijk Voortgezet Onderw.;Botenlaan;38;5652 CA;EINDHOVEN;0772;EINDHOVEN;Protestants-Christelijk;0402527898;www.huygenscollege.nl;Postbus;8827;5605 LV;EINDHOVEN; ;41091840
31231;Stichting Fierder Onderwijs;De Hoefslag;40;9285 RV;BUITENPOST;0059;ACHTKARSPELEN;Protestants-Christelijk;0511542415;www.lauwerscollege.nl;Postbus;41;9285 ZV;BUITENPOST; ;40004932
31240;Willem Lodewijk Gymnasium;Verzetsstrijderslaan;220;9727 CK;GRONINGEN;0014;GRONINGEN;Protestants-Christelijk;0505719500; ;Verzetsstrijderslaan;220;9727 CK;GRONINGEN;940;40023417
33372;Stichting voor Christelijk Voortgezet Onderwijs West-Brabant;Paul Krugerlaan;2;4818 BC;BREDA;0758;BREDA;Protestants-Christelijk;0765330330;www.denassau.nl;Postbus;4740;4803 ES;BREDA; ;40281156
33944;Verenig. Het 's-Gravenh. Christel. Gymnas. Sorghvliet;Johan de Wittlaan;22;2517 JR;'S-GRAVENHAGE;0518;S GRAVENHAGE;Protestants-Christelijk;0703451577;www.gymnasium-sorghvliet.nl;Johan de Wittlaan;22;2517 JR;'S-GRAVENHAGE;034;40408702
35647;Stichting Carmelcollege;Drienerparkweg;16;7552 EB;HENGELO OV;0164;HENGELO;Rooms-Katholiek;0742455555;www.carmel.nl;Postbus;864;7550 AW;HENGELO OV;731;41027871
36921;Vereniging voor Christelijk VO te Harderwijk en omstreken;Stationslaan;26;3842 LA;HARDERWIJK;0243;HARDERWIJK;Protestants-Christelijk;0341436170;www.ccnv.nl;Postbus;29;3840 AA;HARDERWIJK; ;40094296
37052;Stichting Erasmus College;van Doornenplantsoen;21;2722 ZA;ZOETERMEER;0637;ZOETERMEER;Algemeen bijzonder;0793319204;www.erasmuscollege.nl;van Doornenplantsoen;31;2722 ZA;ZOETERMEER;156;41150726
40003;Stg. voor Voortg. Onderwijs op Interconfessionele Grondslag;Apollolaan;262;2324 BZ;LEIDEN;0546;LEIDEN;Samenwerking PC, RK;0715769243;www.vlietlandcollege.nl;Apollolaan;262;2324 BZ;LEIDEN;098;41165223
40075;Stg. v. Chr. Voortgez. Onderw. in Zuid-West Fryslân;Hemdijk;2;8601 XH;SNEEK;1900;SUDWEST-FRYSLAN;Protestants-Christelijk;0515482464;www.cvo-zwfryslan.nl;Postbus;175;8600 AD;SNEEK;836;40005051
40094;De Willibrord St. v. rk, pc en Int.conf. Voortg. Ond. Utr. e;Atoomweg;111;3542 AB;UTRECHT;0344;UTRECHT;Samenwerking PC, RK;0302723123;www.willibrord-stichting.nl;Postbus;9419;3506 GK;UTRECHT;674;30177360
40125;Stichting Dorenweerd College;Dalweg;5;6865 CZ;DOORWERTH;0274;RENKUM;Algemeen bijzonder;0263397030;www.dorenweerd.nl;Postbus;70;6865 ZH;DOORWERTH;953;41050908
40132;Stg. Christelijk Voortgezet Onderwijs Zuidoost-Utrecht;Graaf Adolflaan;4;3708 XB;ZEIST;0355;ZEIST;Protestants-Christelijk;0343489911;www.cvog.nl;Postbus;550;3700 AN;ZEIST; ;41265416
40143;Stg. Kath. Voortg. Onderwijs in het Dongemondgebied;Collegeweg;1;4942 VC;RAAMSDONKSVEER;0779;GEERTRUIDENBERG;Rooms-Katholiek;0162513469;www.dongemondcollege.nl;Postbus;124;4940 AC;RAAMSDONKSVEER; ;41100324
40180;Stichting Meerscholen;J.P. Sweelinckstraat;4;3816 PB;AMERSFOORT;0307;AMERSFOORT;Samenwerking PC, RK;0334613253;www.meerscholen.nl;Postbus;637;3800 AP;AMERSFOORT;706;41189899
40209;Stichting voor Christelijk Voortgezet Onderwijs;Jozef Israelslaan;56;3443 CT;WOERDEN;0632;WOERDEN;Protestants-Christelijk;0348417694;www.kalsbeek.nl;Postbus;145;3440 AC;WOERDEN;037;40482085
40232;Stg. Alg. Bijz. Voortg. Ond. Eindhoven;Celebeslaan;20;5641 AG;EINDHOVEN;0772;EINDHOVEN;Algemeen bijzonder;0402909420;www.lcl.nl;Celebeslaan;20;5641 AG;EINDHOVEN; ;41092817
40278;Stichting Delta Onderwijs;Meerpaal;5;4904 SK;OOSTERHOUT NB;0826;OOSTERHOUT;Rooms-Katholiek;0162424551;www.delta-onderwijs.nl;Postbus;4318;4900 CH;OOSTERHOUT NB;955;41105843
40304;Stichting voor Chr. V.g. Onderw. op Walcheren;Griffioenstraat;17;4334 BK;MIDDELBURG;0687;MIDDELBURG;Protestants-Christelijk;0118652100;www.cswalcheren.nl;Postbus;541;4330 AM;MIDDELBURG; ;40311143
40310;Stichting Portuur;Herenlaan;2;7271 NR;BORCULO;1859;BERKELLAND;Algemeen bijzonder;0535730708;www.hetassink.nl;Herenlaan;2;7271 NR;BORCULO; ;41030828
40320;Stichting Berechja College;Waaiershoek;46;8321 BH;URK;0184;URK;Protestants-Christelijk;0527681237; ;Waaiershoek;46;8321 BH;URK; ;40656346
40323;Ver. Gereformeerd Voortgezet Onderwijs v. Midden-Nederland;Paladijnenweg;251;3813 DH;AMERSFOORT;0307;AMERSFOORT;Gereformeerd;0334792900;www.guido.nl;Postbus;401;3800 AK;AMERSFOORT; ;40507677
40334;Stg. Prot. Chr. Voortg. Ond. in Gouda en omgeving;Kanaalstraat;31;2801 SH;GOUDA;0513;GOUDA;Protestants-Christelijk;0182516077;www.degoudsewaarden.nl;Kanaalstraat;31;2801 SH;GOUDA; ;40465720
40348;St. v. Prot. Chr. Onderwijs voor Almelo en omgeving;Ootmarsumsestraat;73;7602 JR;ALMELO;0141;ALMELO;Protestants-Christelijk;0546581440;www.noordik.nl;Postbus;541;7600 AM;ALMELO;696;41031071
40356;Ver. Chr. Voortgezet Onderwijs in de Hoeksche Waard;Randweg;2;3263 RA;OUD-BEIJERLAND;1963;HOEKSCHE WAARD;Protestants-Christelijk;0186634340;www.dewillem.nl;Postbus;1390;3260 AJ;OUD-BEIJERLAND; ;40324545
40357;Stg. voor Chr. Voortgez. Ond. in Baarn/Soest;Noorderweg;79;3761 EV;SOEST;0342;SOEST;Protestants-Christelijk;0356098200; ;Postbus;316;3760 AH;SOEST; ;40507708
40365;Stichting Scholengroep Trivium Stadskanaal;Stationslaan;17;9503 CA;STADSKANAAL;0037;STADSKANAAL;Samenwerking PC, RK;0599631920;www.ubboemmius.nl;Postbus;137;9500 AC;STADSKANAAL; ;40038715
40375;Sticht. Voortgezet Montessori Onderwijs Nijmegen en omstrek.;Kwakkenbergweg;27;6523 MJ;NIJMEGEN;0268;NIJMEGEN;Algemeen bijzonder;0243283000;www.montessoricollege.nl;Postbus;146;6500 AC;NIJMEGEN;752;41058588
40377;Stichting Unicoz onderwijsgroep;Bredewater;4;2715 CA;ZOETERMEER;0637;ZOETERMEER;Protestants-Christelijk;0793208830;www.unicoz.nl;Bredewater;4;2715 CA;ZOETERMEER; ;40413085
40505;Stichting voor Bijzonder Voortgezet Onderwijs Bilthoven;Jan Steenlaan;38;3723 BV;BILTHOVEN;0310;DE BILT;Algemeen bijzonder;0302283060;www.hetnieuwelyceum.nl;Postbus;529;3720 AM;BILTHOVEN;136;41186216
40517;Lowys Porquinstichting;Marslaan;1;4624 CT;BERGEN OP ZOOM;0748;BERGEN OP ZOOM;Rooms-Katholiek;0164230166;www.lowysporquin.nl;Postbus;543;4600 AM;BERGEN OP ZOOM;955;41106257
40530;Stg. SCOPE scholengroep voor (Prot.-) Chr. en Kath. ond. te Alphen a.d. Rijn e.o;Prinses Beatrixlaan;4;2404 XC;ALPHEN AAN DEN RIJN;0484;ALPHEN AAN DEN RIJN;Protestants-Christelijk;0172449500;www.scopescholen.nl;Postbus;166;2400 AD;ALPHEN AAN DEN RIJN;169;40448185
40570;Stichting Christelijk Onderwijs Groningen;Eenrumermaar;4;9735 AD;GRONINGEN;0014;GRONINGEN;Protestants-Christelijk;0505742766;www.csg.nl;Postbus;9475;9703 LR;GRONINGEN;951;40026490
40586;Onderwijsstichting Esprit;Jan van Galenstraat;31;1051 KM;AMSTERDAM;0363;AMSTERDAM;Algemeen bijzonder;0205854811;www.espritscholen.nl;Jan van Galenstraat;31;1051 KM;AMSTERDAM;947;41213992
40588;Samenwerkingsstichting voor Voortgezet Onderwijs Uden;Schepenhoek;203;5403 GB;UDEN;1991;MAASHORST;Samenwerking Opb., RK;0413283000;www.udenscollege.nl;Postbus;108;5400 AC;UDEN;432;41085318
40590;Stichting v. Prot. Christelijk Voortgezet Onderwijs;Graaf Wichman;175;1276 KD;HUIZEN;0406;HUIZEN;Protestants-Christelijk;0355248020;www.erfgooiers.nl;Postbus;163;1270 AD;HUIZEN;696;41194591
40596;Stg. Prot. Chr. Voortg. Ond. voor Nijverdal-Rijssen e.o.;Noetselerbergweg;20;7441 BK;NIJVERDAL;0163;HELLENDOORN;Protestants-Christelijk;0548533600;www.reggesteyn.nl;Postbus;120;7440 AC;NIJVERDAL;597;41031514
40608;Stichting Christelijke Scholengemeenschap Het Streek;Zandlaan;25;6717 LN;EDE GLD;0228;EDE;Protestants-Christelijk;0318477100;www.hetstreek.nl;Postbus;460;6710 BL;EDE GLD;401;41052378
40619;Stichting Praktijkonderwijs Roermond e.o.;Heinsbergerweg;192;6045 CL;ROERMOND;0957;ROERMOND;Rooms-Katholiek;0475323437;www.pro-roermond.nl;Heinsbergerweg;192;6045 CL;ROERMOND;401;41068142
40641;Stichting Isendoorn;Lage Weide;1;7231 NN;WARNSVELD;0301;ZUTPHEN;Rooms-Katholiek;0575528222;www.isendoorn.nl;Postbus;1093;7230 AB;WARNSVELD;744;41042047
40673;Stichting Vonk;Drechterwaard;10-A;1824 EX;ALKMAAR;0361;ALKMAAR;Algemeen bijzonder;0725147666;www.clusius.nl;Drechterwaard;10-A;1824 EX;ALKMAAR; ;41236238
40676;Stichting Alberdingk Thijm Scholen;Emmastraat;58;1213 AL;HILVERSUM;0402;HILVERSUM;Rooms-Katholiek;0356460088;www.atscholen.nl;Postbus;700;1200 AS;HILVERSUM; ;41194730
40681;Stichting Scholengroep Willem van Oranje;De Gaard;4;5146 AW;WAALWIJK;0867;WAALWIJK;Protestants-Christelijk;0416333069;www.willemvanoranjescholengroep.nl;De Gaard;4;5146 AW;WAALWIJK;401;41100627
40683;Stichting Volant;Nieuwe 's-Gravelandseweg;38;1405 HM;BUSSUM;1942;GOOISE MEREN;Samenwerking PC, RK;0356912245;www.volant.nl;Postbus;345;1400 AH;BUSSUM;696;41194715
40687;Stichting Aeres Groep;Bovenbuurtweg;27;6717 XA;EDE GLD;0228;EDE;Protestants-Christelijk;0880207000;www.aeres.nl;Postbus;245;6710 BE;EDE GLD;623;41246832
40696;Stichting Gooise Scholen Federatie;Kerklaan;6-A;1251 JT;LAREN NH;0417;LAREN;Algemeen bijzonder;0356926700;www.gsf.nl;Postbus;171;1250 AD;LAREN NH;035;41194761
40700;Stg. Andreas College voor CVO te Katwijk e.o.;Louise de Colignylaan;2;2224 VT;KATWIJK ZH;0537;KATWIJK;Protestants-Christelijk;0714013128;www.andreascollege.nl;Postbus;48;2220 AA;KATWIJK ZH;027;40448410
40716;Stg. Chr. Voortgezet Onderwijs voor Culemborg en Omgeving;Beethovenlaan;1;4102 BM;CULEMBORG;0216;CULEMBORG;Algemeen bijzonder;0345639050;www.kwc-culemborg.nl;Postbus;7;4100 AA;CULEMBORG; ;41060415
40722;Stichting Vechtdal College;Burg Schuitestraat;3;7772 BS;HARDENBERG;0160;HARDENBERG;Samenwerking PC, RK;0523281428;www.vechtdalcollege.nl;Postbus;40;7770 AA;HARDENBERG;696;40062558
40776;Stichting V.O. Amsterdam-Zuid;Jan van Eijckstraat;47;1077 LH;AMSTERDAM;0363;AMSTERDAM;Samenwerking PC, RK;0206763868;www.ig.nl;Jan van Eijckstraat;47;1077 LH;AMSTERDAM;401;41215482
40784;Stg. Christ. Voortg. Onderwijs Reform. Grondsl. Driestar-Wartburg;Ronsseplein;1;2803 ZV;GOUDA;0513;GOUDA;Reformatorisch;0182691691;www.driestarcollege.nl;Postbus;148;2800 AC;GOUDA;146;41174338
40810;Stichting Landstede;Rechterland;1;8024 AH;ZWOLLE;0193;ZWOLLE;Samenwerking PC, RK, Alg. Bijz;0888508008;www.landstede.nl;Postbus;1;8000 AA;ZWOLLE; ;41025299
40842;Samenwerkingsstichting Voortgez. Onderw. regio Venlo;Hogeweg;26-A;5911 EB;VENLO;0983;VENLO;Samenwerking RK, Alg. Bijz.;0773590500;www.ogvo.nl;Postbus;270;5900 AG;VENLO; ;41064644
40851;Stichting voor Christelijk Speciaal Onderwijs Groningen;Eenrumermaar;4;9735 AD;GRONINGEN;0014;GRONINGEN;Protestants-Christelijk;0505718484;www.scsog.nl;Postbus;70130;9704 AC;GRONINGEN;951;41013479
40854;Stichting ROC Summa College;Sterrenlaan;10;5631 KA;EINDHOVEN;0772;EINDHOVEN;Algemeen bijzonder;0402694030;www.summacollege.nl;Postbus;6101;5600 HC;EINDHOVEN;404;41093932
40856;Stichting Onderwijsgroep Oost-Brabant;Sleutelbosch;2;5421 KZ;GEMERT;1652;GEMERT-BAKEL;Samenwerking Opb., Alg. Bijz.;0492371220;www.commanderijcollege.nl;Postbus;58;5420 AB;GEMERT;947;41093963
40857;Stichting Purmerendse ScholenGroep;Bergmolen;2;1444 GP;PURMEREND;0439;PURMEREND;Algemeen bijzonder;0299413366;www.psg.nl;Postbus;659;1440 AR;PURMEREND; ;41236445
40876;Stichting Ozeo;Kleverskerkseweg;49;4338 PB;MIDDELBURG;0687;MIDDELBURG;Samenwerking Opb., PC, RK;0118745011;www.ozeo.nl;Kleverskerkseweg;49;4338 PB;MIDDELBURG;136;41115349
40922;Stichting voor Christ. Voortgez. Onderw.;Eperweg;34-A;8181 EW;HEERDE;0246;HEERDE;Protestants-Christelijk;0578693411;www.noordgouw.nl;Postbus;178;8180 AD;HEERDE;706;41042851
40928;Laurentius Stichting voor Kathol. Primair Onderwijs;Burgemeestersrand;59;2625 NV;DELFT;0503;DELFT;Rooms-Katholiek;0152511440;www.laurentiusstichting.nl;Postbus;649;2600 AP;DELFT;065;41160449
40930;Stichting 'Het Rhedens';Kleiberglaan;1;6891 DK;ROZENDAAL;0277;ROZENDAAL;Algemeen bijzonder;0313490900;www.hetrhedens.nl;Postbus;35;6950 AA;DIEREN;696;41053606
40931;Stichting Scholen aan Zee;Sportlaan;54;1782 ND;DEN HELDER;0400;DEN HELDER;Algemeen bijzonder;0223540300;www.scholenaanzee.nl;Postbus;636;1780 AP;DEN HELDER;284;41241888
40956;Stg. Openb. Scholengemeenschap Erasmus;Sluiskade Noordzijde;90;7602 HW;ALMELO;0141;ALMELO;Openbaar;0546480800;www.osg-erasmus.nl;Postbus;341;7600 AH;ALMELO;696;06085583
40979;Stichting Groen Onderwijs Oost Nederland;Hoeflingweg;9;7241 CJ;LOCHEM;0262;LOCHEM;Algemeen bijzonder;0882620700;www.zone.college;Postbus;190;7240 AD;LOCHEM; ;09098652
40996;Stichting Trevianum;Bradleystraat;25;6135 CV;SITTARD;1883;SITTARD-GELEEN;Rooms-Katholiek;0464206900;www.trevianum.nl;Postbus;211;6130 AE;SITTARD;480;14060225
41009;Stichting voor Voortgezet Onderwijs Kennemerland;Westerplein;4-B;1901 NA;CASTRICUM;0383;CASTRICUM;Algemeen bijzonder;0251258980;www.svok.nl;Postbus;371;1900 AJ;CASTRICUM;744;34105554
41021;Iris, Stichting voor Christ. Voortgez. Onderw.;Koediefslaan;69;2101 BT;HEEMSTEDE;0397;HEEMSTEDE;Protestants-Christelijk;0235483800;www.iris-cvo.nl;Postbus;41;2100 AA;HEEMSTEDE;696;34105560
41054;St. Katholieke Scholengr. voor Voortg. Onderw. Best-Oirschot;Willem de Zwijgerweg;150;5684 SL;BEST;0753;BEST;Rooms-Katholiek;0499336231;www.voboscholen.nl;Postbus;184;5680 AD;BEST;513;17109461
41063;Openbare Stichting Ir. Lely Lyceum;Ravenswaaipad;3;1106 AW;AMSTERDAM;0363;AMSTERDAM;Openbaar;0205633050;www.lelylyceum.nl;Ravenswaaipad;3;1106 AW;AMSTERDAM;947;34109279
41070;Ds. Pierson Stichting voor Voortgezet Onderwijs;Geraert ter Borchstraat;1;5212 CZ;'S-HERTOGENBOSCH;0796;S HERTOGENBOSCH;Protestants-Christelijk;0736442929;www.pierson.nl;Postbus;701;5201 AS;'S-HERTOGENBOSCH;696;17109530
41071;Stg. v. Interconf./Alg. Bijz. voortgezet onderw. te R'dam eo;Linker Rottekade;292;3034 CV;ROTTERDAM;0599;ROTTERDAM;Samenwerking PC, RK, Alg. Bijz;0104366766;www.lmc-vo.nl;Postbus;3081;3003 AB;ROTTERDAM; ;24288721
41100;Stichting Yuverta;De Molen;94;3995 AX;HOUTEN;0321;HOUTEN;Algemeen bijzonder;0306345100;www.wellantcollege.nl;Postbus;177;3990 DD;HOUTEN; ;27177194
41142;de Passie, stichting voor Evang. Bijb.getr. Onderw.;Paardenhoeve;80;3992 PK;HOUTEN;0321;HOUTEN;Evangelisch;0883372700;www.depassiescholen.nl;Paardenhoeve;80;3992 PK;HOUTEN;696;41189431
41143;Stichting rsg de Borgen;Hereweg;101;9721 AA;GRONINGEN;0014;GRONINGEN;Algemeen bijzonder;0505292929;www.rsgdeborgen.nl;Postbus;17;9700 AA;GRONINGEN; ;02066630
41152;Stichting Openbaar V.g. O.w. Tiel;Teisterbantlaan;2;4006 EB;TIEL;0281;TIEL;Openbaar;0344640150;www.lingecollege.nl;Postbus;224;4000 AE;TIEL;696;11045515
41158;Stichting voor Christ. VMBO v. Harderwijk en omstreken.;De Sypel;2;3842 AE;HARDERWIJK;0243;HARDERWIJK;Samenwerking PC, RK;0341439050;www.vmboharderwijk.nl;Postbus;1;8000 AA;ZWOLLE;606;08082657
41161;Stichting Scholengroep Pontes;Bergweg;14;4461 NB;GOES;0664;GOES;Openbaar;0113212930;www.pontes.nl;Postbus;370;4460 AT;GOES;136;22043910
41163;Stichting Prakt.onderw. Leiden e.o.;Boerhaavelaan;345;2334 EM;LEIDEN;0546;LEIDEN;Rooms-Katholiek;0715163636;www.hetwaterland.nl;Boerhaavelaan;345;2334 EM;LEIDEN;098;28081949
41164;Stichting Praktijkonderwijs Regio Nijmegen;Dennenstraat;21;6543 JP;NIJMEGEN;0268;NIJMEGEN;Algemeen bijzonder;0243222258;www.procollege.nl;Postbus;158;6500 AD;NIJMEGEN;952;09106945
41195;Stichting VariO-Onderwijsgroep;Prof. ter Veenstraat;5;8302 GA;EMMELOORD;0171;NOORDOOSTPOLDER;Openbaar;0527635950;www.vario-onderwijsgroep.nl;Postbus;27;8300 AA;EMMELOORD; ;39071372
41202;Stichting Scholengemeenschap voor Vrijeschoolonderwijs;Wilhelminasingel;13-15;6524 AJ;NIJMEGEN;0268;NIJMEGEN;Antroposofisch;0243820460;www.kgcnijmegen.nl;Wilhelminasingel;13-15;6524 AJ;NIJMEGEN;953;09108917
41203;Stichting Onderwijs Midden-Limburg;Heinsbergerweg;180;6045 CK;ROERMOND;0957;ROERMOND;Samenwerking Opb., RK;0475322324;www.soml.nl;Postbus;975;6040 AZ;ROERMOND;561;12041226
41208;Stichting Onderwijsgroep Amersfoort;De Brand;20;3823 LJ;AMERSFOORT;0307;AMERSFOORT;Openbaar;0334701008;www.onderwijsgroepamersfoort.nl;Postbus;1771;3800 BT;AMERSFOORT; ;32075562
41211;Ons Middelbaar Onderwijs;Spoorlaan;171;5038 CB;TILBURG;0855;TILBURG;Samenwerking PC, RK;0135955500;www.omo.nl;Postbus;574;5000 AN;TILBURG;431;40258061
41217;Stichting Ceder Groep;De Cuserstraat;3;1081 CK;AMSTERDAM;0363;AMSTERDAM;Protestants-Christelijk;0205456910;www.cedergroep.nl;De Cuserstraat;3;1081 CK;AMSTERDAM;706;41216128
41219;Stichting voor Voortgezet Vrijeschoolonderwijs Noord-Holland;Fred. Roeskestraat;84;1076 ED;AMSTERDAM;0363;AMSTERDAM;Antroposofisch;0205745830;www.ggca.nl;Postbus;77779;1070 LJ;AMSTERDAM;136;34130234
41271;Stichting Roelof van Echten;Sportveldenweg;20;7902 NX;HOOGEVEEN;0118;HOOGEVEEN;Protestants-Christelijk;0528358658;www.rvec.nl;Postbus;2152;7900 BD;HOOGEVEEN; ;04064771
41285;Stichting @voCampus;de Meeuwse Acker;2020;6546 DZ;NIJMEGEN;0268;NIJMEGEN;Algemeen bijzonder;0243790158;www.alliantievo.nl;Postbus;6618;6503 GC;NIJMEGEN; ;09124577
41295;Stichting Simant;Stationsstraat;40;8331 GK;STEENWIJK;1708;STEENWIJKERLAND;Algemeen bijzonder;0521512220;www.rsgtrompmeesters.nl;Postbus;168;8330 AD;STEENWIJK; ;05069588
41298;Stg. Scholengroep Spinoza voor VO te Voorb., Leidschendam eo;V T v Serooskerkenstr;77-85;2273 CD;VOORBURG;1916;LEIDSCHENDAM-VOORBURG;Samenwerking Opb., RK, Alg. Bi;0704199400;www.scholengroepspinoza.nl;Postbus;35;2270 AA;VOORBURG; ;27247262
41300;Stg. Christelijke Onderw. Grp Vallei & Gelderland-Midden;Reehorsterweg;80;6717 LG;EDE GLD;0228;EDE;Algemeen bijzonder;0318455510;www.cog.nl;Postbus;78;6710 BB;EDE GLD;646;09125963
41313;Stichting Prakt.onderw. 's-Hertogenbosch;Hedikhuizerweg;3;5222 BC;'S-HERTOGENBOSCH;0796;S HERTOGENBOSCH;Rooms-Katholiek;0736217623;www.rijzert.nl;Hedikhuizerweg;3;5222 BC;'S-HERTOGENBOSCH;706;17146450
41347;Verenig. voor Christel. VO in Noord- en West-Fryslƒn;Robert Kochstraat;6;8921 VX;LEEUWARDEN;0080;LEEUWARDEN;Overige;0582347670;www.cvo-nf.nl;Postbus;193;8900 AD;LEEUWARDEN; ;01098068
41360;Stichting Voortgezet Onderwijs Haaglanden;Parkstraat;83;2514 JG;'S-GRAVENHAGE;0518;S GRAVENHAGE;Samenwerking Opb., Alg. Bijz.;0704262626;www.vohaaglanden.nl;Parkstraat;83;2514 JG;'S-GRAVENHAGE;061;27253825
41386;Stg. Openbaar Verenigd Onderw. in Gorinchem en de regio;Merwe Donk;10;4207 XB;GORINCHEM;0512;GORINCHEM;Openbaar;0183650440;www.stichtingovo.nl;Merwe Donk;10;4207 XB;GORINCHEM; ;11056465
41389;Stichting Openbaar Voortgezet Onderwijs Noordwijk;Duinwetering;107;2203 HM;NOORDWIJK ZH;0575;NOORDWIJK;Overige;0713681840;www.northgo-college.nl;Postbus;429;2200 AK;NOORDWIJK ZH; ;28096079
41391;Stichting Limburgs Voortgezet Onderwijs, SWB voor bijzonder en openbaar ond.;Mercator;1;6135 KW;SITTARD;1883;SITTARD-GELEEN;Samenwerking Opb., PC, RK, Alg;0464201212;www.stichtinglvo.nl;Postbus;143;6130 AC;SITTARD;468;14077279
41396;LOGOS Stichting voor Protestants Christelijk Onderwijs;Meent;24;4141 AC;LEERDAM;1961;VIJFHEERENLANDEN;Protestants-Christelijk;0345637980;www.stichting-logos.nl;Meent;24;4141 AC;LEERDAM;706;11056372
41397;Stichting voor Openbaar Onderwijs in Dordrecht;Overkampweg;125;3318 AN;DORDRECHT;0505;DORDRECHT;Openbaar;0786182978;www.dalton-dordrecht.nl;Postbus;8007;3301 CA;DORDRECHT;706;24349808
41403;Stg. Christ. Voortgez. Onderw. Zeeland;Bergweg;4;4461 NB;GOES;0664;GOES;Samenwerking PC, RK;0113212020;www.ostrealyceum.nl;Postbus;444;4460 AV;GOES; ;22053128
41417;Stichting Specialisten in Passend Onderwijs;Noordersingel;1;3351 ED;PAPENDRECHT;0590;PAPENDRECHT;Algemeen bijzonder;0786449734;www.spon.nl;Postbus;23;3350 AA;PAPENDRECHT;136;24354004
41429;Stichting Ichthus College;Jan Ligthartstraat;1;8265 CJ;KAMPEN;0166;KAMPEN;Protestants-Christelijk;0888508008;www.landstede.nl/voortgezetonderwijs.nl;Postbus;1;8000 AA;ZWOLLE;728;05074011
41430;Stichting Agnieten College/De Boog;Kamperweg;1;8019 AV;ZWOLLE;0193;ZWOLLE;Protestants-Christelijk;0888508008;www.landstede.nl/voortgezetonderwijs;Postbus;1;8000 AA;ZWOLLE;728;05074008
41440;Stichting Christelijk Onderwijs Over-en Midden-Betuwe;De Heister;1;6681 CV;BEMMEL;1705;LINGEWAARD;Samenwerking PC, RK;0481470555;www.sgomb.nl;Postbus;19;6680 AA;BEMMEL;136;09139157
41442;Stichting RSG Magister Alvinus;Almastraat;5;8601 EW;SNEEK;1900;SUDWEST-FRYSLAN;Overige;0515429760;www.rsg-sneek.nl;Postbus;341;8600 AH;SNEEK; ;01102489
41444;Stg. De Hoeksche School, opvo Hoeksche Waard;Biezenvijver;5;3297 GK;PUTTERSHOEK;1963;HOEKSCHE WAARD;Openbaar;0786295999;www.dehoekscheschool.nl;Biezenvijver;5;3297 GK;PUTTERSHOEK;706;24356117
41466;Stichting voor Praktijkonderw. Dordrecht;Anna van Saksenstraat;11;3314 NC;DORDRECHT;0505;DORDRECHT;Algemeen bijzonder;0786324111; ;Anna van Saksenstraat;11;3314 NC;DORDRECHT; ;24364163
41475;Sticht. Openb. Voortg. Onderw. Utrecht en Omstreken;Orteliuslaan;871;3528 BE;UTRECHT;0344;UTRECHT;Openbaar;0302969040;www.nuovo.eu;Postbus;1415;3500 BK;UTRECHT; ;30199604
41509;Stichting Hondsrug College;Emmalaan;25-26;7822 JB;EMMEN;0114;EMMEN;Protestants-Christelijk;0591657979;www.hondsrugcollege.nl;Postbus;66;7800 AB;EMMEN;706;04074794
41513;Stg. Johan de Witt-gymnasium te Dordrecht;Oranjepark;11;3311 LP;DORDRECHT;0505;DORDRECHT;Openbaar;0786482626;www.jdw.nl;Oranjepark;11;3311 LP;DORDRECHT;706;24372923
41525;Stichting Openbaar Voortgezet Onderwijs Gouda;Krugerlaan;20;2806 EJ;GOUDA;0513;GOUDA;Openbaar;0182586890;www.stovog.nl;Postbus;2134;2800 BG;GOUDA;018;24371937
41529;Stichting Praktijkonderwijs Emmen e.o.;Ullevi;22;7825 SE;EMMEN;0114;EMMEN;Algemeen bijzonder;0591613310;www.praktijkschool-emmen.nl;Ullevi;22;7825 SE;EMMEN;951;04076327
41537;Stichting Scala Coll.&Coenecoop College;Kees Mustersstraat;6;2406 LK;ALPHEN AAN DEN RIJN;0484;ALPHEN AAN DEN RIJN;Openbaar;0172423737;www.scalacollege.nl;Postbus;458;2400 AL;ALPHEN AAN DEN RIJN;098;28106428
41545;Stichting BLICK op onderwijs;Pelikaanweg;1;2903 ER;CAPELLE AAN DEN IJSSEL;0502;CAPELLE AAN DEN IJSSEL;Openbaar;0851050230;www.blickoponderwijs.nl;Postbus;776;2900 AT;CAPELLE AAN DEN IJSSEL;947;24384672
41555;Stichting RSG ''t Rijks', st. reg. ovo Bergen op Zoom eo;Burg Stulemeijerlaan;24;4611 EG;BERGEN OP ZOOM;0748;BERGEN OP ZOOM;Openbaar;0164242150;www.rsgrijks.nl;Burg Stulemeijerlaan;24;4611 EG;BERGEN OP ZOOM;947;20122559
41556;Stichting Spinoza Lyceum Amsterdam;Peter van Anrooystraat;8;1076 BH;AMSTERDAM;0363;AMSTERDAM;Openbaar;0205777444;www.spinoza20first.nl;Peter van Anrooystraat;8;1076 BH;AMSTERDAM;940;34200189
41568;Stichting Openbare Scholengr. Vlaardingen Schiedam (OSVS);Burg Van Lierplein;59;3134 ZB;VLAARDINGEN;0622;VLAARDINGEN;Openbaar;0108503500;www.osvs.nl;Postbus;6040;3130 DA;VLAARDINGEN; ;24387240
41581;Stg. Openb. Voortgezet Onderw. Zaanstad;Paulus Potterhof;1;1506 JX;ZAANDAM;0479;ZAANSTAD;Openbaar;0756401548;www.ovo-zaanstad.nl;Postbus;451;1500 EL;ZAANDAM;947;34239246
41585;Stg. voor Protestants Christ. Voortgez. Ondrw. De Meerwaarde;Rietberglaan;6;3771 RD;BARNEVELD;0203;BARNEVELD;Algemeen bijzonder;0342404777;www.demeerwaarde.nl;Postbus;223;3770 AE;BARNEVELD; ;08142370
41587;Stichting Openbaar Voortgezet Onderwijs Roosendaal;Burg Schneiderlaan;2;4706 EZ;ROOSENDAAL;1674;ROOSENDAAL;Openbaar;0165543871;www.jtc-roosendaal.nl;Postbus;1675;4700 BR;ROOSENDAAL;947;20122937
41594;Stg. Onderwijsgroep Galilëi, Openb.Voortg.Ond.Voorne-Putten;Hossenbosdijk;16;3232 PX;BRIELLE;1992;VOORNE AAN ZEE;Openbaar;0181650955;www.galilei.nl;Postbus;5;3230 AA;BRIELLE; ;24391113
41599;Stg. Kath. Ondernemersonderw. te Tilburg;Dr. Ahausstraat;1;5042 EK;TILBURG;0855;TILBURG;Rooms-Katholiek;0135955600;www.derooipannen.nl;Postbus;1458;5004 BL;TILBURG; ;41095199
41608;Stichting Samenw.school ABVO IJburg;Pampuslaan;1;1087 HP;AMSTERDAM;0363;AMSTERDAM;Overige;0203443000;www.ijburgcollege.nl;Pampuslaan;1;1087 HP;AMSTERDAM;136;34224067
41616;Stichting Openb. Prim. Onderw. Apeldoorn;2e Wormenseweg;80;7331 VG;APELDOORN;0200;APELDOORN;Openbaar;0555393750;www.leerplein055.nl;Postbus;10098;7301 GB;APELDOORN;686;08155806
41622;Stichting Praktijkonderwijs De Brug;Sportlaan;2;5301 PX;ZALTBOMMEL;0297;ZALTBOMMEL;Overige;0418540394;www.prodebrug.nl;Sportlaan;2;5301 PX;ZALTBOMMEL;706;11065720
41623;Stichting Openbaar Voortgezet Onderwijs Tilburg;Poststraat;68;5038 DH;TILBURG;0855;TILBURG;Openbaar;0135096348;www.sovot.nl;Poststraat;68;5038 DH;TILBURG; ;18085696
41636;Stichting Voortgezet Onderwijs Meppel en omstreken;Ezingerweg;52;7943 AZ;MEPPEL;0119;MEPPEL;Samenwerking Opb., Alg. Bijz.;0522263275;www.stadenesch.nl;Postbus;178;7940 AD;MEPPEL; ;04084016
41659;Stichting voor Voortgezet Onderwijs Lelystad;Lindelaan;99;8224 KR;LELYSTAD;0995;LELYSTAD;Algemeen bijzonder;0320240500;www.svol.nl;Postbus;2310;8203 AH;LELYSTAD;828;39098845
41664;Stichting Dunamare Onderwijsgroep;Diakenhuisweg;5;2033 AP;HAARLEM;0392;HAARLEM;Samenwerking Opb., Alg. Bijz.;0235303600;www.dunamare.nl;Postbus;4470;2003 EL;HAARLEM; ;34277470
41671;Stichting EduCare,Chr.Speciaal Onderwijs te Harderwijk e.o.;Stationslaan;32;8071 CM;NUNSPEET;0302;NUNSPEET;Protestants-Christelijk;0341452795;www.educare-harderwijk.nl;Postbus;170;8070 AD;NUNSPEET;696;08157963
41676;Almeerse Scholen Groep (ASG);Randstad 20;31;1314 BC;ALMERE;0034;ALMERE;Samenwerking Opb., Alg. Bijz.;0365406363;www.asg.nl;Postbus;60276;1320 AH;ALMERE;626;39100741
41737;Stichting O.V.O. Coevorden, Hardenberg eo/De Nieuwe Veste;Van Heeckerenlaan;2;7742 AB;COEVORDEN;0109;COEVORDEN;Openbaar;0524593800;www.denieuweveste.nl;Postbus;240;7740 AE;COEVORDEN;706;04088532
41769;Stichting voor Onderwijs op Reformatorische Grondslag;Utrechtseweg;226;3818 ET;AMERSFOORT;0307;AMERSFOORT;Reformatorisch;0854838152; ;Postbus;405;3800 AK;AMERSFOORT;640;32124769
41775;Stichting BOOR;Schiekade;34;3032 AJ;ROTTERDAM;0599;ROTTERDAM;Openbaar;0102540800;www.stichtingboor.nl;Postbus;23058;3001 KB;ROTTERDAM; ;24424572
41789;Stichting Gereformeerde Scholengroep;Lavendelweg;7;9731 HR;GRONINGEN;0014;GRONINGEN;Overige;0505244500;www.gsg.nl;Postbus;935;9700 AX;GRONINGEN; ;01123528
41804;Stichting Het Stedelijk Lyceum Enschede;Tiemeister;20;7541 WG;ENSCHEDE;0153;ENSCHEDE;Openbaar;0534800000;www.hetstedelijk.nl;Postbus;3883;7500 DW;ENSCHEDE;702;08175645
41815;Stichting Calvijn College;Klein Frankrijk;19;4461 ZN;GOES;0664;GOES;Reformatorisch;0113211020;www.calvijncollege.nl;Postbus;362;4460 AT;GOES;696;20140185
41824;Stichting OSG Hengelo;Jan Tinbergenstraat;101;7559 SP;HENGELO OV;0164;HENGELO;Openbaar;0742919860;www.osghengelo.nl;Jan Tinbergenstraat;101;7559 SP;HENGELO OV;696;08177914
41830;Stg. Openb. Voortgezet Onderw. Progresso (SOVOP);Pieter Calandlaan;182;1068 NT;AMSTERDAM;0363;AMSTERDAM;Openbaar;0206675353;www.sovop.nl;Postbus;96051;1006 EB;AMSTERDAM; ;34315033
41840;Stichting Internationaal Lokaal Funderend Onderwijs;Henegouwenlaan;2;5628 WK;EINDHOVEN;0772;EINDHOVEN;Samenwerking Opb., Alg. Bijz.;0402645367; ;Postbus;1310;5602 BH;EINDHOVEN;696;17235549
41854;Samenwerkingstichting Voortgezet Onderwijs  ROCvA (VO);Fraijlemaborg;141;1102 CV;AMSTERDAM;0363;AMSTERDAM;Overige;0205791000;www.rocva.nl;Fraijlemaborg;141;1102 CV;AMSTERDAM; ;41216421
41864;Stichting Cambium College voor openbaar voortgezet onderwijs;Courtine;2;5301 DH;ZALTBOMMEL;0297;ZALTBOMMEL;Openbaar;0418512500;www.cambium.org;Courtine;2;5301 DH;ZALTBOMMEL;136;30250204
41867;Stichting Openbaar Voortgezet Onderwijs Goeree-Overflakkee;Koningin Julianaweg;54;3241 XC;MIDDELHARNIS;1924;GOEREE-OVERFLAKKEE;Openbaar;0187482777; ;Koningin Julianaweg;54;3241 XC;MIDDELHARNIS; ;24454846
41882;Stichting SintLucas;Torenallee;75;5617 BB;EINDHOVEN;0772;EINDHOVEN;Samenwerking RK, Alg. Bijz.;0402591391;www.sintlucas.nl;Postbus;872;5600 AW;EINDHOVEN;947;17254488
41883;Stichting Atlas College;Dampten;14;1624 NR;HOORN NH;0405;HOORN;Openbaar;0229206020;www.atlascollege.nl;Dampten;14;1624 NR;HOORN NH; ;37153438
41889;Openb. Schol.gem. Esdal Coll./ Stg.Esdal Coll., SG openb. vg;Angelsloerdijk;13-C;7822 HK;EMMEN;0114;EMMEN;Openbaar;0880009600;www.esdalcollege.nl;Postbus;2041;7801 CA;EMMEN; ;01162526
41897;Stichting Voortgezet Onderwijs De Vechtstreek;Schepersweg;6-A;3621 JK;BREUKELEN UT;1904;STICHTSE VECHT;Samenwerking Opb., RK, Alg. Bi;0346258060;www.broklede.nl;Schepersweg;6-A;3621 JK;BREUKELEN UT;947;30274039
42356;Sticht. Prot. Chr. Voortgezet Onderwijs Gem. Barneveld e.o.;Wethouder Rebellaan;135;3771 KA;BARNEVELD;0203;BARNEVELD;Protestants-Christelijk;0342491469;www.jfc.nl;Postbus;108;3770 AC;BARNEVELD;696;41047289
42505;Stichting Stedelijk Gymnasium Leiden;Fruinlaan;15;2313 EP;LEIDEN;0546;LEIDEN;Openbaar;0715121365;www.gymnasiumleiden.nl;Fruinlaan;15;2313 EP;LEIDEN;947;27362816
42506;Stichting Scholengroep Leonardo Da Vinci Leiden;Kagerstraat;7;2334 CP;LEIDEN;0546;LEIDEN;Openbaar;0715154121;www.davinci-leiden.nl;Postbus;9032;2300 PA;LEIDEN;098;27362846
42507;Stg. Katholiek Voortg. Onderw. Rotterdam;Alexandriestraat;40;3067 MR;ROTTERDAM;0599;ROTTERDAM;Rooms-Katholiek;0104212144;www.emmauscollege.nl;Postbus;84137;3009 CC;ROTTERDAM;134;41129306
42508;Sticht. Openb. Voortg. Onderw. Vlagtwedde;Oude Weg;41;9561 LB;TER APEL;1950;WESTERWOLDE;Openbaar;0599581226;www.rsgterapel.nl;Postbus;47;9560 AA;TER APEL; ;01168266
42510;Stichting Openbaar Onderwijs Groningen;Leonard Springerlaan;39;9727 KB;GRONINGEN;0014;GRONINGEN;Openbaar;0503210300;www.openbaaronderwijsgroepgroningen.nl;Postbus;744;9700 AS;GRONINGEN;804;01166995
42529;Stg. Openb. Voortgezet Onderw. Noordoost-Veluwe;Schotweg;1;8162 GM;EPE;0232;EPE;Openbaar;0578612094;www.rsgnov.nl;Postbus;419;8160 AK;EPE; ;08226403
42530;Stg. Openb. Voortgez. Onderw. Amstelveen;Sportlaan;27;1185 TB;AMSTELVEEN;0362;AMSTELVEEN;Openbaar;0205032266; ;Sportlaan;27;1185 TB;AMSTELVEEN;947;34392212
42534;Stichting dr. Aletta Jacobs College;Laan van de Sport;4;9603 TG;HOOGEZAND;1952;MIDDEN-GRONINGEN;Openbaar;0598350250;www.aletta.nl;Postbus;452;9600 AL;HOOGEZAND;824;50274015
42544;Stg. Voortg. Ond. Prot. Chr. grondslag Noordoostpolder e.o.;Peppellaan;1;8302 AL;EMMELOORD;0171;NOORDOOSTPOLDER;Protestants-Christelijk;0527634567;www.emelwerda.nl;Postbus;16;8300 AA;EMMELOORD;715;50142321
42549;Stichting Openbaar Voortgez. Onderw. Ede;Koekeltse Boslaan;21;6715 CW;EDE GLD;0228;EDE;Openbaar;0318624500;www.pallalsathenecollege.nl;Koekeltse Boslaan;21;6715 CW;EDE GLD;947;51271958
42555;Stichting Krimpenerwaard College;Groene Wetering;1;2922 CX;KRIMPEN AAN DEN IJSSEL;0542;KRIMPEN AAN DEN IJSSEL;Algemeen bijzonder;0180450113;www.kwcollege.nl;Groene Wetering;1;2922 CX;KRIMPEN AAN DEN IJSSEL;696;51309351
42556;Stg. voor CVO op Ref. grondsl. te Gorinchem;Hoefslag;11;4205 NK;GORINCHEM;0512;GORINCHEM;Reformatorisch;0183610361;www.gomarus.nl;Postbus;425;4200 AK;GORINCHEM; ;50378198
42571;Stichting Achterhoek VO;Holterweg;119;7001 EK;DOETINCHEM;0222;DOETINCHEM;Samenwerking Opb., Alg. Bijz.;0314394181;www.achterhoekvo.nl;Postbus;429;7000 AK;DOETINCHEM;744;51614286
42575;Stg. Nuborgh College Prot.Chr. VO op de Noordwest-Veluwe;Kruidenlaan;1;8082 CA;ELBURG;0230;ELBURG;Protestants-Christelijk;0525688199;www.nuborghcollege.nl;Postbus;27;8080 AA;ELBURG;741;52338401
42590;Stichting voortgezet onderwijs Eemsdelta;Pastorielaan;4;9901 CE;APPINGEDAM;1979;EEMSDELTA;Algemeen bijzonder;0596693693;www.eemsdeltacollege.nl;Postbus;173;9930 AD;DELFZIJL; ;53035887
42595;Stichting Open Schoolgemeenschap Bijlmer;Gulden Kruis;5;1103 BE;AMSTERDAM;0363;AMSTERDAM; ;0206909050;www.osbijlmer.nl;Gulden Kruis;5;1103 BE;AMSTERDAM;947;53250788
42606;Stichting voor Christelijk Praktijkonderwijs in Noord-Oost Friesland;Birdaarderstraatweg;82;9101 PK;DOKKUM;1970;NOARDEAST-FRYSLAN;Protestants-Christelijk; ; ;Postbus;147;9100 AC;DOKKUM;780;54304040
42608;Stg tot Oprichting en Insth van Sch voor Chr Voortgezet Ondw te Schoonhoven;Kamerlingh Onnesdreef;4;2871 JN;SCHOONHOVEN;1931;KRIMPENERWAARD;Protestants-Christelijk;0182390539;www.csgwillemdezwijger.nl;Postbus;119;2870 AC;SCHOONHOVEN; ;54147883
42618;Stichting openbaar voortgezet onderwijs Schoonhoven;Albert Plesmanstraat;4;2871 HJ;SCHOONHOVEN;1931;KRIMPENERWAARD;Overige;0182385288;www.schoonhovenscollege.nl;Albert Plesmanstraat;4;2871 HJ;SCHOONHOVEN;947;55627587
42620;Het Baken Almere, Stichting Interconfess. Voortg. Onderw.;Rooseveltweg;5;1314 SJ;ALMERE;0034;ALMERE;Overige;0365307207;www.hetbaken.nl;Postbus;10015;1301 AA;ALMERE; ;55752004
42621;Stichting ZAAM, Interconfessioneel Voortgezet Onderwijs;Dubbelink;2;1102 AL;AMSTERDAM;0363;AMSTERDAM;Overige;0207059600; ;Postbus;12426;1100 AK;AMSTERDAM; ;55752330
42623;Stichting Openbaar Onderwijs Zwolle en Regio;Dobbe;74;8032 JX;ZWOLLE;0193;ZWOLLE; ;0384555940;www.ooz.nl;Postbus;55;8000 AB;ZWOLLE; ;56004028
42635;Stichting Trigoon;Eikstraat;36;1623 LT;HOORN NH;0405;HOORN; ;0229548575;www.trigoon.wf;Postbus;353;1620 AJ;HOORN NH;136;56888201
42681;Ver. Stg./Inst.houd. Chr. Sch. Vgz. Onderwijs Goeree-Overfl.;Koningin Julianaweg;57;3241 XB;MIDDELHARNIS;1924;GOEREE-OVERFLAKKEE;Protestants-Christelijk;0187482745;www.csgpm.nl;Postbus;181;3240 AD;MIDDELHARNIS;136;40321861
42696;Stichting voor Islamitisch Voortgezet Onderwijs in Rotterdam e.o.;Montessoriweg;55;3083 AN;ROTTERDAM;0599;ROTTERDAM;Islamitisch;0107900555;www.de-opperd.nl;Montessoriweg;55;3083 AN;ROTTERDAM;136;59065141
42709;Stg Onderwijsgroep Zuid-Hollandse Waarden voor PO en VO;Hakwei;2;2992 ZB;BARENDRECHT;0489;BARENDRECHT;Openbaar;0180642710;www.ozhw.nl;Postbus;206;2990 AE;BARENDRECHT; ;62127721
42716;Stichting De Amsterdamse MAVO & HAVO;Linnaeushof;48;1098 KM;AMSTERDAM;0363;AMSTERDAM;Humanistisch;0207600030;www.deamsterdamsemavo.nl;Linnaeushof;48;1098 KM;AMSTERDAM;744;59093455
42718;Stichting Persoonlijk VO;Ossengang;45;4191 LR;GELDERMALSEN;1960;WEST BETUWE;RK,PC,GV,RE,EV,AN,HI,I,J,AB,HU;0204910016;www.svpo.nl;Postbus;36026;1020 MA;AMSTERDAM;940;51134861
42752;Stichting Islamitisch Onderwijs;Naritaweg;30;1043 BZ;AMSTERDAM;0363;AMSTERDAM;Islamitisch;0622006258; ;Bataviastraat;45-H;1095 EN;AMSTERDAM;706;51143267
42770;Stichting Voortgezet Onderwijs Zeeuws-Vlaanderen;Oude Vaart;1;4537 CD;TERNEUZEN;0715;TERNEUZEN;Samenwerking PC, RK, Alg. Bijz; ; ;Oude Vaart;1;4537 CD;TERNEUZEN; ;71916873
42771;Stichting OSG de Hogeberg;Haffelderweg;40;1791 AS;DEN BURG;0448;TEXEL;Openbaar;0222312121;www.dehogeberg.nl;Postbus;153;1790 AD;DEN BURG;638;72241713
42813;GSR Vereniging voor Gereformeerd Voortgezet Onderwijs in de Randstad;Valenciadreef;15;3067 WL;ROTTERDAM;0599;ROTTERDAM;Gereformeerd;0102862930;www.gsr.nl;Valenciadreef;15;3067 WL;ROTTERDAM;638;76402282
42817;Stichting Openbaar Voortgezet Onderwijs Veenendaal;Rembrandtlaan;2;3904 ZK;VEENENDAAL;0345;VEENENDAAL;Openbaar;0318509900;www.rembrandt-college.nl;Postbus;292;3900 AG;VEENENDAAL; ;81259328
42818;Stichting Veluwse Onderwijsgroep;Kanaal Noord;350;7323 AM;APELDOORN;0200;APELDOORN;Samenwerking Opb., Alg. Bijz.;0555779799;www.veluwseonderwijsgroep.nl;Postbus;20250;7302 HG;APELDOORN; ;08184425
42846;Stichting voor Voortgezet Vrijeschool Onderwijs Delft Mercurius;Molenstraat;22;2611 KA;DELFT;0503;DELFT;Overige;0636298200; ;Molenstraat;22;2611 KA;DELFT; ;81901933
42860;Stichting Onderwijsgroep Midden-Friesland;Ds Kingweg;1;8446 KZ;HEERENVEEN;0074;HEERENVEEN;Overige;0513801800;www.ogmf.nl;Postbus;597;8440 AN;HEERENVEEN; ;88820793
42992;Libréon, Stichting voor Katholiek en Openbaar Voortgezet Onderwijs;van Riebeecklaan;2;4818 EB;BREDA;0758;BREDA;Samenwerking RK, Alg. Bijz.;0765141405;www.skvob.nl;Postbus;4669;4803 ER;BREDA; ;41102332
43239;Stichting Monseigneur Frencken;Slotlaan;40;4902 AE;OOSTERHOUT NB;0826;OOSTERHOUT;Rooms-Katholiek;0162426355;www.frenckencollege.nl;Postbus;506;4900 AM;OOSTERHOUT NB;947;41103031
43837;Stg. Ger. Voortgez. Onderwijs Oost-Nederland;Campus;5;8017 CB;ZWOLLE;0193;ZWOLLE;Gereformeerd;0384698698;www.greijdanus.nl;Postbus;393;8000 AJ;ZWOLLE;613;40060269
44813;Stichting Onderwijsgroep Buitengewoon;Wylrehofweg;11;5912 PM;VENLO;0983;VENLO;Algemeen bijzonder;0773559050;www.ogbuitengewoon.nl;Postbus;809;5900 AV;VENLO;953;41062151
45697;Stg. Kath. Praktijkonderwijs Amersfoort en Omstreken;Zangvogelweg;152;3815 DR;AMERSFOORT;0307;AMERSFOORT;Rooms-Katholiek;0334723163;www.debaander.nl;Zangvogelweg;152;3815 DR;AMERSFOORT;706;41188689
46594;Sticht. Chr. Voortgez. Onderw. Vincent van Gogh;Selma Lagerloflaan;3;9406 KB;ASSEN;0106;ASSEN;Protestants-Christelijk;0592390290;www.csvincentvangogh.nl;Postbus;226;9400 AE;ASSEN; ;40048355
46632;Stichting Scholengem.sch. Kennemer Lyc.;Adriaan Stoopplein;7;2051 KA;OVERVEEN;0377;BLOEMENDAAL;Algemeen bijzonder;0235221060;www.kennemerlyceum.nl;Postbus;8;2050 AA;OVERVEEN;136;41222612
46879;Stichting 'Het Rijnlands Lyceum';Charlotte van Pallandtln;14;2272 TR;VOORBURG;1916;LEIDSCHENDAM-VOORBURG;Algemeen bijzonder;0715730910;www.rijnlandslyceum.nl;Postbus;33;2270 AA;VOORBURG;064;41150857
47711;Stichting Scholengemeenschap Montessori Lyceum Rotterdam;Schimmelpenninckstraat;17;3039 KS;ROTTERDAM;0599;ROTTERDAM;Algemeen bijzonder;0104654022;www.rml.nl;Schimmelpenninckstraat;17;3039 KS;ROTTERDAM; ;41126715
48648;Stichting St.- Jozef M.A.V.O. te Vlaardingen;Willem de Zwijgerlaan;240;3136 AX;VLAARDINGEN;0622;VLAARDINGEN;Rooms-Katholiek;0104744166;www.sjm.nl;Postbus;6004;3130 DA;VLAARDINGEN;136;41141401
49155;HIJN scholengroep;Vreeswijksestraatweg;6-A;3432 NA;NIEUWEGEIN;0356;NIEUWEGEIN;Samenwerking PC, RK, Alg. Bijz;0306036604;www.cals.nl;Postbus;128;3430 AC;NIEUWEGEIN;947;41179498
49701;Vereniging voor Christelijk Voortgezet Onderwijs;Paul Krugerweg;44-50;3851 ZJ;ERMELO;0233;ERMELO;Protestants-Christelijk;0341274950;www.groevenbeek.nl;Postbus;210;3850 AE;ERMELO; ;40094198
49778;Stichting voor Interconfessioneel Voortgezet Onderwijs in Oost West Friesland;De Aanloop;6;1613 KW;GROOTEBROEK;0532;STEDE BROEC;Samenwerking PC, RK;0228510300;www.martinuscollege.nl;Postbus;37;1610 AA;BOVENKARSPEL;696;41234076
53990;Stichting Fioretti Teylingen;Leidsevaart;4;2215 RE;VOORHOUT;1525;TEYLINGEN;Rooms-Katholiek;0252461800;www.teylingen-college.nl;Postbus;200;2215 ZL;VOORHOUT; ;41198151
57266;Stichting Confessioneel Onderwijs Leiden;Marienpoelstraat;4;2334 CZ;LEIDEN;0546;LEIDEN;Rooms-Katholiek;0715175551;www.scoleiden.nl;Postbus;4049;2301 RA;LEIDEN; ;41166061
58722;Stichting Samenwerkingsschool 'de Overlaat';Eikendonklaan;3;5143 NG;WAALWIJK;0867;WAALWIJK;Samenwerking PC, RK, Alg. Bijz; ; ;Postbus;259;5140 AG;WAALWIJK; ;41099227
59282;Stg. Chr. Voortg. Onderwijs Alblasserwaard-Vijfheerenland.;Oude Hoven;8;4205 AK;GORINCHEM;0512;GORINCHEM;Protestants-Christelijk;0183610120;www.csdehoven.nl;Postbus;667;4200 AR;GORINCHEM; ;40321201
62181;Stichting Aquila, stichting voor Christelijk Speciaal Onderwijs regio Ommen;De Schammelte;3;7731 BL;OMMEN;0175;OMMEN;Protestants-Christelijk;0529451792;www.johanseckelommen.nl;Postbus;118;7730 AC;OMMEN;722;40060527
67107;Stichting Media Amsterdam;Contactweg;36;1014 AN;AMSTERDAM;0363;AMSTERDAM;Algemeen bijzonder;0208509500;www.ma-web.nl;Postbus;67003;1060 JA;AMSTERDAM;947;40531413
67237;Stichting Grafisch Lyceum Rotterdam;Heer Bokelweg;255;3032 AD;ROTTERDAM;0599;ROTTERDAM;Algemeen bijzonder;0882001500;www.glr.nl;Postbus;1680;3000 BR;ROTTERDAM;696;41126201
69994;Stg. CVO op reform. grondslag Veenendaal en omgeving;Vondellaan;4;3906 EA;VEENENDAAL;0345;VEENENDAAL;Protestants-Christelijk;0318543210;www.ichthuscollege.nl;Postbus;227;3900 AE;VEENENDAAL;666;41178566
70176;Stichting Christel. Onderwijs Haaglanden;Laan van Meerdervoort;70;2517 AN;'S-GRAVENHAGE;0518;S GRAVENHAGE;Protestants-Christelijk;0703118787;www.scoh.nl;Postbus;18546;2502 EM;'S-GRAVENHAGE; ;41149716
70396;St. Augustinus Stichting;Kasteelselaan;50;6574 AJ;UBBERGEN;1945;BERG EN DAL;Rooms-Katholiek;0243229337;www.notredame.nl;Kasteelselaan;50;6574 AJ;UBBERGEN;952;41055931
71436;Stg. Petrus Canisius College, Kath. Sch.gem. Voortg. Onderw.;Vondelstraat;41;1813 BA;ALKMAAR;0361;ALKMAAR;Rooms-Katholiek;0725112283;www.pcc.nu;Postbus;1118;1810 KC;ALKMAAR;264;41238154
71553;Stichting Keizer Karel;Weegbree;55;1422 MT;UITHOORN;0451;UITHOORN;Rooms-Katholiek;0297566903;www.alkwin.nl;Postbus;112;1420 AC;UITHOORN;947;41200090
72464;Stichting Chr. Spec. Onderwijs Apeldoorn;Mr. van Hasseltlaan;57;7316 DK;APELDOORN;0200;APELDOORN;Protestants-Christelijk;0555889889;www.cso-apeldoorn.nl;Mr. van Hasseltlaan;57;7316 DK;APELDOORN;706;40103192
72853;Stichting Katholiek Onderwijs Volendam;Heideweg;2;1132 DB;VOLENDAM;0385;EDAM-VOLENDAM;Rooms-Katholiek;0299399290;www.deskov.nl;Postbus;23;1130 AA;VOLENDAM;291;41234200
73114;Stichting Biezonderwijs;Saal van Zwanenbergweg;1;5026 RM;TILBURG;0855;TILBURG;Algemeen bijzonder;0135420364;www.biezonderwijs.com;Postbus;5134;5004 EC;TILBURG;401;41095418
73646;Stg. R.K. Scholengemeenschap Sancta Maria;Van Limburg Stirumstraat;4;2012 MN;HAARLEM;0392;HAARLEM;Rooms-Katholiek;0235316040;www.sanctamaria.nl;Van Limburg Stirumstraat;4;2012 MN;HAARLEM;136;41223112
73841;Pontis Onderwijsgroep, Stichting voor Openbaar en Katholiek Onderwijs;Wilhelminalaan;4;1741 CN;SCHAGEN;0441;SCHAGEN;Rooms-Katholiek;0224297841;www.trinitascollege.nl;Postbus;282;1740 AG;SCHAGEN;200;41239028
74050;Sancta Maria Stichting;Aartshertogenlaan;108;5212 CM;'S-HERTOGENBOSCH;0796;S HERTOGENBOSCH;Rooms-Katholiek;0736411712;www.desancta.nl;Aartshertogenlaan;108;5212 CM;'S-HERTOGENBOSCH;136;41080131
74374;Stichting Tabor College;Maelsonstraat;26;1624 NP;HOORN NH;0405;HOORN;Rooms-Katholiek;0229283555;www.tabor.nl;Postbus;34;1620 AA;HOORN NH;696;41234210
75311;Stichting Markland College;Pagnevaartweg;5;4731 AA;OUDENBOSCH;1655;HALDERBERGE;Rooms-Katholiek;0165390320;www.markland.nl;Postbus;131;4730 AC;OUDENBOSCH; ;41102569
76415;Stg. Chr. Voortgez. Onderwijs te Alkmaar e.o.;Mandenmakerstraat;11;1825 BB;ALKMAAR;0361;ALKMAAR;Protestants-Christelijk;0725187676;www.ja.nl;Postbus;8003;1802 KA;ALKMAAR;295;41241510
76688;Stg. 'Het Baarnsch Lyceum', Scholengemeenschap v. VWO/HAVO;Torenlaan;83;3742 CS;BAARN;0308;BAARN;Algemeen bijzonder;0355416041; ;Torenlaan;83;3742 CS;BAARN; ;41188303
76740;Stichting Werkplaats Kindergemeenschap;Kees Boekelaan;12;3723 BA;BILTHOVEN;0310;DE BILT;Algemeen bijzonder;0302282841;www.wpkeesboeke.nl;Kees Boekelaan;12;3723 BA;BILTHOVEN;706;41177105
76753;Jordan Montessori Lyceum Utrecht;Jordanlaan;3;3706 TE;ZEIST;0355;ZEIST;Algemeen bijzonder;0306954708;www.hermanjordan.nl;Postbus;442;3700 AK;ZEIST;706;41178565
77690;Sticht. Kolom, Stichting voor Speciaal en Regulier Onderwijs;Jan Tooropstraat;136;1061 AD;AMSTERDAM;0363;AMSTERDAM;Algemeen bijzonder;0205148080;www.kolom.net;Jan Tooropstraat;136;1061 AD;AMSTERDAM;136;41197969
77741;Stichting S. Adelbert College;Deijlerweg;163;2241 AE;WASSENAAR;0629;WASSENAAR;Rooms-Katholiek;0705119224;www.adelbert.nl;Deijlerweg;163;2241 AE;WASSENAAR; ;41149264
78001;Onderwijsstichting St. Michaël;Leeghwaterweg;7;1509 BS;ZAANDAM;0479;ZAANSTAD;Rooms-Katholiek;0756127474;www.stmichaelcollege.nl;Leeghwaterweg;7;1509 BS;ZAANDAM;136;41231307
78132;Stg. voor interconfessioneel (rk/pc) Prakt.onderw. Woerden;Abeellaan;2;3442 JB;WOERDEN;0632;WOERDEN;Algemeen bijzonder;0348412040;www.praktijkschoolwoerden.nl;Postbus;80;3360 AB;SLIEDRECHT;136;41172140
78157;Onderwijsstichting College Hageveld;Hageveld;15;2102 LM;HEEMSTEDE;0397;HEEMSTEDE;Rooms-Katholiek;0235100100;www.hageveld.nl;Hageveld;15;2102 LM;HEEMSTEDE;136;41222941
78457;Stichting Joodse Kindergem. Cheider;Zeelandstraat;11;1082 BV;AMSTERDAM;0363;AMSTERDAM;Joods;0206465564;www.cheider.nl;Postbus;7828;1008 AA;AMSTERDAM;222;41202962
78482;Stg. R-K Voorb. Hoger&MO voor Noordelijk Rotterdam;Voorhout;100;3055 ES;ROTTERDAM;0599;ROTTERDAM;Rooms-Katholiek;0104180470;www.laurenslyceum.nl;Voorhout;100;3055 ES;ROTTERDAM;136;41126814
79314;Stichting Marnix College;Prins Bernhardlaan;30;6713 MC;EDE GLD;0228;EDE;Protestants-Christelijk;0318650035;www.marnixcollege.nl;Postbus;8037;6710 AA;EDE GLD; ;41046265
79496;Ver H Vryzinnig Chr Lyc;Van Stolkweg;35;2585 JN;'S-GRAVENHAGE;0518;S GRAVENHAGE;Algemeen bijzonder;0703066631;www.vcl-school.nl;Van Stolkweg;35;2585 JN;'S-GRAVENHAGE;065;40407420
80082;Kardinaal Alfrink Stichting;Werflaan;45;2725 DE;ZOETERMEER;0637;ZOETERMEER;Rooms-Katholiek;0793306666;www.alfrink.nl;Werflaan;45;2725 DE;ZOETERMEER; ;41149483
80328;Stichting voor Christ. Voortgez. Onderw.;Kerkewijk;149;3904 JC;VEENENDAAL;0345;VEENENDAAL;Protestants-Christelijk;0318500621;www.clv.nl;Postbus;41;3900 AA;VEENENDAAL;756;41178034
83228;Stichting Christelijk Onderwijs Delft e.o.;Vulcanusweg;263-G;2624 AV;DELFT;0503;DELFT;Protestants-Christelijk;0152154880;www.scodelft.nl;Postbus;2924;2601 CX;DELFT;696;41145807
84021;Ver. Voortgezet Onderwijs op Reform. Grondslag Apeldoorn eo;Anklaarseweg;71;7316 MB;APELDOORN;0200;APELDOORN;Reformatorisch;0555262300;www.jfsg.nl;Postbus;2151;7302 EN;APELDOORN; ;40102138
85425;St. Interconfessioneel (RK/PC) Voortg. Onderw. Gregor Mendel;Pim Mulierlaan;4;2024 BT;HAARLEM;0392;HAARLEM;Samenwerking PC, RK;0235258421;www.mendelcollege.nl;Pim Mulierlaan;4;2024 BT;HAARLEM;136;41224031
91092;Vereniging voor Pr.-Chr. V.O. te Sleeuwijk (Noord-Brabant);Rijksstraatweg;153;4254 XD;SLEEUWIJK;1959;ALTENA;Protestants-Christelijk;0183302944;www.altenacollege.nl;Rijksstraatweg;153;4254 XD;SLEEUWIJK;558;40271198
95785;Stichting Vrijescholen ZW Nederland;Waalsdorperweg;12;2597 JB;'S-GRAVENHAGE;0518;S GRAVENHAGE;Antroposofisch;0703244300;www.devrijeschooldenhaag.nl;Waalsdorperweg;12;2597 JB;'S-GRAVENHAGE;136;40407208
99048;Stichting Voortgezet Onderwijs Parkstad Limburg;Akerstraat;85;6417 BK;HEERLEN;0917;HEERLEN;Samenwerking Opb., PC, RK, Alg;0455712597;www.svopl.nl;Akerstraat;85;6417 BK;HEERLEN;515;41070757
